{"cameraMode":{"drawMode":0,"name":"Shaded","section":"Shading Mode"},"sceneLighting":true,"audioPlay":false,"sceneViewState":{"showFog":true,"showMaterialUpdate":false,"showSkybox":true,"showFlares":true,"showImageEffects":true,"showParticleSystems":true},"in2DMode":false,"pivot":{"x":0.04523468017578125,"y":-1.7496795654296876,"z":-2770.29638671875},"rotation":{"x":0.4085175693035126,"y":-0.46009644865989687,"z":0.25158968567848208,"w":0.7470789551734924},"size":966.7562866210938,"orthographic":false}